{"0.0":null,"1.0":0.1271405814,"2.0":0.1475409836,"3.0":0.1593843098,"4.0":0.1850437907,"5.0":0.1985522234,"6.0":0.1730230554,"7.0":0.2103711412,"8.0":0.2197885196,"9.0":0.2,"10.0":0.2363246335,"11.0":0.2560085455,"12.0":0.2522951977,"13.0":0.2730720607,"14.0":0.2841826605,"15.0":0.0166666667,"16.0":0.0002134927,"17.0":0.0090909091,"18.0":0.3818553092,"19.0":0.365990991,"20.0":0.3720809549,"21.0":0.3888523151,"22.0":0.4042256328,"23.0":0.3540324659,"24.0":0.3930041152,"25.0":0.3847415915,"26.0":0.4444444444,"27.0":0.3837911553,"28.0":0.4017758047,"29.0":0.4108498426,"30.0":0.4094900056,"31.0":0.4132583036,"32.0":null,"33.0":0.0004684938,"34.0":0.0050761421,"35.0":0.4835809596,"36.0":0.3647498443,"37.0":0.3897323212,"38.0":0.4137554585,"39.0":0.4339364971,"40.0":0.4370748299,"41.0":0.4558191668,"42.0":0.4325562032,"43.0":0.4,"44.0":0.4411448246,"45.0":0.4495548961,"46.0":0.4447306289,"47.0":0.4479892159,"48.0":0.4488646065,"49.0":0.0114942529,"50.0":0.2307692308,"51.0":0.3333333333,"52.0":0.15625,"53.0":0.036036036,"54.0":0.3982521848}